[
    {
        "usuario": "Yolenny Osoria",
        "accion": "Compra credito: Cinturon Coach ($1000.0)",
        "modulo": "Compras",
        "fecha": "2026-01-13 14:54:16"
    },
    {
        "usuario": "Yolenny Osoria",
        "accion": "Venta a Público General por $2000.0",
        "modulo": "Ventas",
        "fecha": "2026-01-13 14:54:56"
    },
    {
        "usuario": "Yolenny Osoria",
        "accion": "Consultó resumen detallado",
        "modulo": "Resumen",
        "fecha": "2026-01-13 15:24:29"
    },
    {
        "usuario": "Yolenny Osoria",
        "accion": "Consultó resumen detallado",
        "modulo": "Resumen",
        "fecha": "2026-01-13 15:24:30"
    },
    {
        "usuario": "Yolenny Osoria",
        "accion": "Consultó resumen detallado",
        "modulo": "Resumen",
        "fecha": "2026-01-13 15:24:31"
    },
    {
        "usuario": "Yolenny Osoria",
        "accion": "Consultó resumen detallado",
        "modulo": "Resumen",
        "fecha": "2026-01-13 15:24:32"
    },
    {
        "usuario": "Yolenny Osoria",
        "accion": "Consultó resumen detallado",
        "modulo": "Resumen",
        "fecha": "2026-01-13 15:24:32"
    },
    {
        "usuario": "Yolenny Osoria",
        "accion": "Consultó resumen detallado",
        "modulo": "Resumen",
        "fecha": "2026-01-13 15:24:34"
    },
    {
        "usuario": "Yolenny Osoria",
        "accion": "Consultó resumen detallado",
        "modulo": "Resumen",
        "fecha": "2026-01-13 15:24:35"
    },
    {
        "usuario": "Yolenny Osoria",
        "accion": "Consultó resumen detallado",
        "modulo": "Resumen",
        "fecha": "2026-01-13 16:18:12"
    },
    {
        "usuario": "Yolenny Osoria",
        "accion": "Compra credito: Cinturon Coach ($10000.0)",
        "modulo": "Compras",
        "fecha": "2026-01-13 16:19:02"
    },
    {
        "usuario": "Yolenny Osoria",
        "accion": "Venta a Público General por $2000.0",
        "modulo": "Ventas",
        "fecha": "2026-01-13 16:19:38"
    },
    {
        "usuario": "Yolenny Osoria",
        "accion": "Consultó resumen detallado",
        "modulo": "Resumen",
        "fecha": "2026-01-13 16:19:57"
    },
    {
        "usuario": "Yolenny Osoria",
        "accion": "Eliminó venta de Público General por $2000.0",
        "modulo": "Ventas",
        "fecha": "2026-01-13 16:20:29"
    },
    {
        "usuario": "Yolenny Osoria",
        "accion": "Eliminó TODAS las ventas del sistema",
        "modulo": "Ventas",
        "fecha": "2026-01-13 16:20:35"
    },
    {
        "usuario": "Yolenny Osoria",
        "accion": "Venta a Público General por $2000.0",
        "modulo": "Ventas",
        "fecha": "2026-01-13 16:20:54"
    },
    {
        "usuario": "Yolenny Osoria",
        "accion": "Consultó resumen detallado",
        "modulo": "Resumen",
        "fecha": "2026-01-13 16:21:13"
    },
    {
        "usuario": "Yolenny Osoria",
        "accion": "Venta a Público General por $1500.0",
        "modulo": "Ventas",
        "fecha": "2026-01-13 16:30:23"
    },
    {
        "usuario": "Yolenny Osoria",
        "accion": "Venta a jose por $1100.0",
        "modulo": "Ventas",
        "fecha": "2026-01-13 16:38:49"
    },
    {
        "usuario": "Yolenny Osoria",
        "accion": "Consultó resumen detallado",
        "modulo": "Resumen",
        "fecha": "2026-01-13 16:39:04"
    },
    {
        "usuario": "Yolenny Osoria",
        "accion": "Consultó resumen detallado (ventas y compras)",
        "modulo": "Resumen",
        "fecha": "2026-01-13 16:44:30"
    },
    {
        "usuario": "Yolenny Osoria",
        "accion": "Consultó resumen detallado (ventas y compras)",
        "modulo": "Resumen",
        "fecha": "2026-01-13 16:47:18"
    },
    {
        "usuario": "Yolenny Osoria",
        "accion": "Consultó resumen detallado (ventas y compras)",
        "modulo": "Resumen",
        "fecha": "2026-01-13 16:52:02"
    }
]